PS,Country,Date,Confirmed,Deaths,Recovered,lat,lon
Anhui,China,2020-01-22,1.0,0.0,0.0,32.0,117.0
Anhui,China,2020-01-23,9.0,0.0,0.0,32.0,117.0
Anhui,China,2020-01-24,15.0,0.0,0.0,32.0,117.0
Anhui,China,2020-01-25,60.0,0.0,0.0,32.0,117.0
Anhui,China,2020-01-26,70.0,0.0,0.0,32.0,117.0
Anhui,China,2020-01-27,106.0,0.0,0.0,32.0,117.0
Anhui,China,2020-01-28,152.0,0.0,0.0,32.0,117.0
Anhui,China,2020-01-29,200.0,0.0,2.0,32.0,117.0
Anhui,China,2020-01-30,237.0,0.0,3.0,32.0,117.0
Anhui,China,2020-01-31,237.0,0.0,3.0,32.0,117.0
Anhui,China,2020-02-02,408.0,0.0,7.0,32.0,117.0
Arizona,US,2020-01-26,1.0,0.0,0.0,34.395342,-111.7632755
Arizona,US,2020-01-27,1.0,0.0,0.0,34.395342,-111.7632755
Arizona,US,2020-01-28,1.0,0.0,0.0,34.395342,-111.7632755
Arizona,US,2020-01-29,1.0,0.0,0.0,34.395342,-111.7632755
Arizona,US,2020-01-30,1.0,0.0,0.0,34.395342,-111.7632755
Arizona,US,2020-01-31,1.0,0.0,0.0,34.395342,-111.7632755
Bavaria,Germany,2020-01-27,1.0,0.0,0.0,48.9467562,11.4038717
Bavaria,Germany,2020-01-28,4.0,0.0,0.0,48.9467562,11.4038717
Bavaria,Germany,2020-01-29,4.0,0.0,0.0,48.9467562,11.4038717
Bavaria,Germany,2020-01-30,4.0,0.0,0.0,48.9467562,11.4038717
Bavaria,Germany,2020-01-31,7.0,0.0,0.0,48.9467562,11.4038717
Beijing,China,2020-01-22,14.0,0.0,0.0,39.906217,116.3912757
Beijing,China,2020-01-23,22.0,0.0,0.0,39.906217,116.3912757
Beijing,China,2020-01-24,36.0,0.0,1.0,39.906217,116.3912757
Beijing,China,2020-01-25,51.0,0.0,2.0,39.906217,116.3912757
Beijing,China,2020-01-26,68.0,0.0,2.0,39.906217,116.3912757
Beijing,China,2020-01-27,80.0,1.0,2.0,39.906217,116.3912757
Beijing,China,2020-01-28,91.0,1.0,4.0,39.906217,116.3912757
Beijing,China,2020-01-29,111.0,1.0,4.0,39.906217,116.3912757
Beijing,China,2020-01-30,121.0,1.0,5.0,39.906217,116.3912757
Beijing,China,2020-01-31,139.0,1.0,5.0,39.906217,116.3912757
Beijing,China,2020-02-02,191.0,1.0,9.0,39.906217,116.3912757
"Boston, MA",US,2020-02-02,1.0,0.0,0.0,42.3602534,-71.0582912
British Columbia,Canada,2020-01-28,1.0,0.0,0.0,55.001251,-125.002441
British Columbia,Canada,2020-01-29,1.0,0.0,0.0,55.001251,-125.002441
British Columbia,Canada,2020-01-30,1.0,0.0,0.0,55.001251,-125.002441
British Columbia,Canada,2020-01-31,1.0,0.0,0.0,55.001251,-125.002441
British Columbia,Canada,2020-02-02,1.0,0.0,0.0,55.001251,-125.002441
California,US,2020-01-26,2.0,0.0,0.0,36.7014631,-118.7559974
California,US,2020-01-27,2.0,0.0,0.0,36.7014631,-118.7559974
California,US,2020-01-28,2.0,0.0,0.0,36.7014631,-118.7559974
California,US,2020-01-29,2.0,0.0,0.0,36.7014631,-118.7559974
California,US,2020-01-30,2.0,0.0,0.0,36.7014631,-118.7559974
California,US,2020-01-31,3.0,0.0,0.0,36.7014631,-118.7559974
Cambodia,Cambodia,2020-01-27,1.0,0.0,0.0,13.5066394,104.869423
Cambodia,Cambodia,2020-01-28,1.0,0.0,0.0,13.5066394,104.869423
Cambodia,Cambodia,2020-01-29,1.0,0.0,0.0,13.5066394,104.869423
Cambodia,Cambodia,2020-01-30,1.0,0.0,0.0,13.5066394,104.869423
Cambodia,Cambodia,2020-01-31,1.0,0.0,0.0,13.5066394,104.869423
Cambodia,Cambodia,2020-02-02,1.0,0.0,0.0,13.5066394,104.869423
Chicago,US,2020-01-24,1.0,0.0,0.0,41.8755616,-87.6244212
"Chicago, IL",US,2020-02-02,2.0,0.0,0.0,41.8755616,-87.6244212
Chongqing,China,2020-01-22,6.0,0.0,0.0,30.05518,107.8748712
Chongqing,China,2020-01-23,9.0,0.0,0.0,30.05518,107.8748712
Chongqing,China,2020-01-24,27.0,0.0,0.0,30.05518,107.8748712
Chongqing,China,2020-01-25,75.0,0.0,0.0,30.05518,107.8748712
Chongqing,China,2020-01-26,110.0,0.0,0.0,30.05518,107.8748712
Chongqing,China,2020-01-27,132.0,0.0,0.0,30.05518,107.8748712
Chongqing,China,2020-01-28,147.0,0.0,1.0,30.05518,107.8748712
Chongqing,China,2020-01-29,165.0,0.0,1.0,30.05518,107.8748712
Chongqing,China,2020-01-30,206.0,0.0,1.0,30.05518,107.8748712
Chongqing,China,2020-01-31,238.0,1.0,1.0,30.05518,107.8748712
Chongqing,China,2020-02-02,300.0,2.0,7.0,30.05518,107.8748712
Finland,Finland,2020-01-29,1.0,0.0,0.0,63.2467777,25.9209164
Finland,Finland,2020-01-30,1.0,0.0,0.0,63.2467777,25.9209164
Finland,Finland,2020-01-31,1.0,0.0,0.0,63.2467777,25.9209164
Finland,Finland,2020-02-02,1.0,0.0,0.0,63.2467777,25.9209164
France,France,2020-01-24,2.0,0.0,0.0,46.603354,1.8883335
France,France,2020-01-25,3.0,0.0,0.0,46.603354,1.8883335
France,France,2020-01-26,3.0,0.0,0.0,46.603354,1.8883335
France,France,2020-01-27,3.0,0.0,0.0,46.603354,1.8883335
France,France,2020-01-28,4.0,0.0,0.0,46.603354,1.8883335
France,France,2020-01-29,5.0,0.0,0.0,46.603354,1.8883335
France,France,2020-01-30,5.0,0.0,0.0,46.603354,1.8883335
France,France,2020-01-31,6.0,0.0,0.0,46.603354,1.8883335
France,France,2020-02-02,6.0,0.0,0.0,46.603354,1.8883335
Fujian,China,2020-01-22,1.0,0.0,0.0,26.5450001,117.842778
Fujian,China,2020-01-23,5.0,0.0,0.0,26.5450001,117.842778
Fujian,China,2020-01-24,10.0,0.0,0.0,26.5450001,117.842778
Fujian,China,2020-01-25,18.0,1.0,0.0,26.5450001,117.842778
Fujian,China,2020-01-26,35.0,0.0,0.0,26.5450001,117.842778
Fujian,China,2020-01-27,59.0,0.0,0.0,26.5450001,117.842778
Fujian,China,2020-01-28,82.0,0.0,0.0,26.5450001,117.842778
Fujian,China,2020-01-29,101.0,0.0,0.0,26.5450001,117.842778
Fujian,China,2020-01-30,101.0,0.0,0.0,26.5450001,117.842778
Fujian,China,2020-01-31,120.0,0.0,0.0,26.5450001,117.842778
Fujian,China,2020-02-02,159.0,0.0,0.0,26.5450001,117.842778
Gansu,China,2020-01-23,2.0,0.0,0.0,38.0000001,101.9999999
Gansu,China,2020-01-24,2.0,0.0,0.0,38.0000001,101.9999999
Gansu,China,2020-01-25,7.0,0.0,0.0,38.0000001,101.9999999
Gansu,China,2020-01-26,14.0,0.0,0.0,38.0000001,101.9999999
Gansu,China,2020-01-27,19.0,0.0,0.0,38.0000001,101.9999999
Gansu,China,2020-01-28,24.0,0.0,0.0,38.0000001,101.9999999
Gansu,China,2020-01-29,26.0,0.0,0.0,38.0000001,101.9999999
Gansu,China,2020-01-30,29.0,0.0,0.0,38.0000001,101.9999999
Gansu,China,2020-01-31,35.0,0.0,0.0,38.0000001,101.9999999
Gansu,China,2020-02-02,51.0,0.0,3.0,38.0000001,101.9999999
Guangdong,China,2020-01-22,26.0,0.0,0.0,23.1357694,113.1982688
Guangdong,China,2020-01-23,32.0,0.0,2.0,23.1357694,113.1982688
Guangdong,China,2020-01-24,53.0,0.0,2.0,23.1357694,113.1982688
Guangdong,China,2020-01-25,98.0,0.0,2.0,23.1357694,113.1982688
Guangdong,China,2020-01-26,146.0,0.0,2.0,23.1357694,113.1982688
Guangdong,China,2020-01-27,151.0,0.0,4.0,23.1357694,113.1982688
Guangdong,China,2020-01-28,241.0,0.0,5.0,23.1357694,113.1982688
Guangdong,China,2020-01-29,311.0,0.0,6.0,23.1357694,113.1982688
Guangdong,China,2020-01-30,393.0,0.0,11.0,23.1357694,113.1982688
Guangdong,China,2020-01-31,436.0,0.0,10.0,23.1357694,113.1982688
Guangdong,China,2020-02-02,683.0,0.0,15.0,23.1357694,113.1982688
Guangxi,China,2020-01-22,2.0,0.0,0.0,24.0,109.0
Guangxi,China,2020-01-23,5.0,0.0,0.0,24.0,109.0
Guangxi,China,2020-01-24,23.0,0.0,0.0,24.0,109.0
Guangxi,China,2020-01-25,33.0,0.0,0.0,24.0,109.0
Guangxi,China,2020-01-26,46.0,0.0,0.0,24.0,109.0
Guangxi,China,2020-01-27,51.0,0.0,0.0,24.0,109.0
Guangxi,China,2020-01-28,58.0,0.0,2.0,24.0,109.0
Guangxi,China,2020-01-29,78.0,0.0,2.0,24.0,109.0
Guangxi,China,2020-01-30,87.0,0.0,2.0,24.0,109.0
Guangxi,China,2020-01-31,88.0,0.0,2.0,24.0,109.0
Guangxi,China,2020-02-02,127.0,0.0,2.0,24.0,109.0
Guizhou,China,2020-01-22,1.0,0.0,0.0,27.0,107.0
Guizhou,China,2020-01-23,3.0,0.0,0.0,27.0,107.0
Guizhou,China,2020-01-24,3.0,0.0,0.0,27.0,107.0
Guizhou,China,2020-01-25,5.0,0.0,0.0,27.0,107.0
Guizhou,China,2020-01-26,7.0,0.0,0.0,27.0,107.0
Guizhou,China,2020-01-27,9.0,0.0,0.0,27.0,107.0
Guizhou,China,2020-01-28,9.0,0.0,0.0,27.0,107.0
Guizhou,China,2020-01-29,12.0,0.0,1.0,27.0,107.0
Guizhou,China,2020-01-30,15.0,0.0,1.0,27.0,107.0
Guizhou,China,2020-01-31,29.0,0.0,2.0,27.0,107.0
Guizhou,China,2020-02-02,46.0,0.0,2.0,27.0,107.0
Hainan,China,2020-01-22,4.0,0.0,0.0,19.2000001,109.5999999
Hainan,China,2020-01-23,5.0,0.0,0.0,19.2000001,109.5999999
Hainan,China,2020-01-24,8.0,0.0,0.0,19.2000001,109.5999999
Hainan,China,2020-01-25,19.0,0.0,0.0,19.2000001,109.5999999
Hainan,China,2020-01-26,22.0,0.0,0.0,19.2000001,109.5999999
Hainan,China,2020-01-27,33.0,1.0,0.0,19.2000001,109.5999999
Hainan,China,2020-01-28,43.0,1.0,0.0,19.2000001,109.5999999
Hainan,China,2020-01-29,43.0,1.0,0.0,19.2000001,109.5999999
Hainan,China,2020-01-30,50.0,1.0,1.0,19.2000001,109.5999999
Hainan,China,2020-01-31,58.0,1.0,1.0,19.2000001,109.5999999
Hainan,China,2020-02-02,71.0,1.0,4.0,19.2000001,109.5999999
Hebei,China,2020-01-22,1.0,0.0,0.0,39.0000001,116.0
Hebei,China,2020-01-23,1.0,1.0,0.0,39.0000001,116.0
Hebei,China,2020-01-24,2.0,1.0,0.0,39.0000001,116.0
Hebei,China,2020-01-25,13.0,1.0,0.0,39.0000001,116.0
Hebei,China,2020-01-26,18.0,1.0,0.0,39.0000001,116.0
Hebei,China,2020-01-27,33.0,1.0,0.0,39.0000001,116.0
Hebei,China,2020-01-28,48.0,1.0,0.0,39.0000001,116.0
Hebei,China,2020-01-29,65.0,1.0,0.0,39.0000001,116.0
Hebei,China,2020-01-30,82.0,1.0,0.0,39.0000001,116.0
Hebei,China,2020-01-31,96.0,1.0,0.0,39.0000001,116.0
Hebei,China,2020-02-02,113.0,1.0,3.0,39.0000001,116.0
Heilongjiang,China,2020-01-23,2.0,0.0,0.0,48.0000047,127.999992
Heilongjiang,China,2020-01-24,4.0,1.0,0.0,48.0000047,127.999992
Heilongjiang,China,2020-01-25,15.0,0.0,0.0,48.0000047,127.999992
Heilongjiang,China,2020-01-26,21.0,1.0,0.0,48.0000047,127.999992
Heilongjiang,China,2020-01-27,30.0,1.0,0.0,48.0000047,127.999992
Heilongjiang,China,2020-01-28,37.0,1.0,0.0,48.0000047,127.999992
Heilongjiang,China,2020-01-29,43.0,1.0,0.0,48.0000047,127.999992
Heilongjiang,China,2020-01-30,59.0,2.0,0.0,48.0000047,127.999992
Heilongjiang,China,2020-01-31,59.0,2.0,0.0,48.0000047,127.999992
Heilongjiang,China,2020-02-02,95.0,2.0,2.0,48.0000047,127.999992
Henan,China,2020-01-22,5.0,0.0,0.0,34.0000001,113.9999999
Henan,China,2020-01-23,5.0,0.0,0.0,34.0000001,113.9999999
Henan,China,2020-01-24,9.0,0.0,0.0,34.0000001,113.9999999
Henan,China,2020-01-25,83.0,1.0,0.0,34.0000001,113.9999999
Henan,China,2020-01-26,128.0,1.0,0.0,34.0000001,113.9999999
Henan,China,2020-01-27,168.0,1.0,0.0,34.0000001,113.9999999
Henan,China,2020-01-28,206.0,2.0,1.0,34.0000001,113.9999999
Henan,China,2020-01-29,278.0,2.0,2.0,34.0000001,113.9999999
Henan,China,2020-01-30,352.0,2.0,3.0,34.0000001,113.9999999
Henan,China,2020-01-31,352.0,2.0,3.0,34.0000001,113.9999999
Henan,China,2020-02-02,566.0,2.0,14.0,34.0000001,113.9999999
Hong Kong,Hong Kong,2020-01-23,2.0,0.0,0.0,22.2793278,114.1628131
Hong Kong,Hong Kong,2020-01-24,2.0,0.0,0.0,22.2793278,114.1628131
Hong Kong,Hong Kong,2020-01-25,5.0,0.0,0.0,22.2793278,114.1628131
Hong Kong,Hong Kong,2020-01-26,8.0,0.0,0.0,22.2793278,114.1628131
Hong Kong,Hong Kong,2020-01-27,8.0,0.0,0.0,22.2793278,114.1628131
Hong Kong,Hong Kong,2020-01-28,8.0,0.0,0.0,22.2793278,114.1628131
Hong Kong,Hong Kong,2020-01-29,10.0,0.0,0.0,22.2793278,114.1628131
Hong Kong,Hong Kong,2020-01-30,12.0,0.0,0.0,22.2793278,114.1628131
Hong Kong,Hong Kong,2020-01-31,13.0,0.0,0.0,22.2793278,114.1628131
Hong Kong,Hong Kong,2020-02-02,15.0,0.0,0.0,22.2793278,114.1628131
Hubei,China,2020-01-22,444.0,0.0,0.0,31.15172525,112.87832224656043
Hubei,China,2020-01-23,444.0,17.0,28.0,31.15172525,112.87832224656043
Hubei,China,2020-01-24,549.0,24.0,31.0,31.15172525,112.87832224656043
Hubei,China,2020-01-25,1052.0,52.0,42.0,31.15172525,112.87832224656043
Hubei,China,2020-01-26,1423.0,76.0,44.0,31.15172525,112.87832224656043
Hubei,China,2020-01-27,2714.0,100.0,47.0,31.15172525,112.87832224656043
Hubei,China,2020-01-28,3554.0,125.0,80.0,31.15172525,112.87832224656043
Hubei,China,2020-01-29,4586.0,162.0,90.0,31.15172525,112.87832224656043
Hubei,China,2020-01-30,5806.0,204.0,116.0,31.15172525,112.87832224656043
Hubei,China,2020-01-31,7153.0,249.0,169.0,31.15172525,112.87832224656043
Hubei,China,2020-02-02,11177.0,350.0,295.0,31.15172525,112.87832224656043
Hunan,China,2020-01-22,4.0,0.0,0.0,27.9995878,112.009538
Hunan,China,2020-01-23,9.0,0.0,0.0,27.9995878,112.009538
Hunan,China,2020-01-24,24.0,0.0,0.0,27.9995878,112.009538
Hunan,China,2020-01-25,69.0,0.0,0.0,27.9995878,112.009538
Hunan,China,2020-01-26,100.0,0.0,0.0,27.9995878,112.009538
Hunan,China,2020-01-27,100.0,0.0,0.0,27.9995878,112.009538
Hunan,China,2020-01-28,221.0,0.0,0.0,27.9995878,112.009538
Hunan,China,2020-01-29,277.0,0.0,0.0,27.9995878,112.009538
Hunan,China,2020-01-30,332.0,0.0,2.0,27.9995878,112.009538
Hunan,China,2020-01-31,332.0,0.0,3.0,27.9995878,112.009538
Hunan,China,2020-02-02,521.0,0.0,16.0,27.9995878,112.009538
Illinois,US,2020-01-25,1.0,0.0,0.0,40.0796606,-89.4337288
Illinois,US,2020-01-26,1.0,0.0,0.0,40.0796606,-89.4337288
Illinois,US,2020-01-27,1.0,0.0,0.0,40.0796606,-89.4337288
Illinois,US,2020-01-28,1.0,0.0,0.0,40.0796606,-89.4337288
Illinois,US,2020-01-29,1.0,0.0,0.0,40.0796606,-89.4337288
Illinois,US,2020-01-30,2.0,0.0,0.0,40.0796606,-89.4337288
Illinois,US,2020-01-31,2.0,0.0,0.0,40.0796606,-89.4337288
India,India,2020-01-30,1.0,0.0,0.0,22.3511148,78.6677428
India,India,2020-01-31,1.0,0.0,0.0,22.3511148,78.6677428
India,India,2020-02-02,2.0,0.0,0.0,22.3511148,78.6677428
Inner Mongolia,China,2020-01-24,1.0,0.0,0.0,43.2443242,114.3251664
Inner Mongolia,China,2020-01-25,7.0,0.0,0.0,43.2443242,114.3251664
Inner Mongolia,China,2020-01-26,11.0,0.0,0.0,43.2443242,114.3251664
Inner Mongolia,China,2020-01-27,11.0,0.0,0.0,43.2443242,114.3251664
Inner Mongolia,China,2020-01-28,16.0,0.0,0.0,43.2443242,114.3251664
Inner Mongolia,China,2020-01-29,16.0,0.0,0.0,43.2443242,114.3251664
Inner Mongolia,China,2020-01-30,20.0,0.0,0.0,43.2443242,114.3251664
Inner Mongolia,China,2020-01-31,20.0,0.0,0.0,43.2443242,114.3251664
Inner Mongolia,China,2020-02-02,27.0,0.0,1.0,43.2443242,114.3251664
Italy,Italy,2020-01-30,2.0,0.0,0.0,42.6384261,12.674297
Italy,Italy,2020-01-31,2.0,0.0,0.0,42.6384261,12.674297
Italy,Italy,2020-02-02,2.0,0.0,0.0,42.6384261,12.674297
Japan,Japan,2020-01-22,2.0,0.0,0.0,36.5748441,139.2394179
Japan,Japan,2020-01-23,1.0,0.0,0.0,36.5748441,139.2394179
Japan,Japan,2020-01-24,2.0,0.0,0.0,36.5748441,139.2394179
Japan,Japan,2020-01-25,2.0,0.0,0.0,36.5748441,139.2394179
Japan,Japan,2020-01-26,4.0,0.0,1.0,36.5748441,139.2394179
Japan,Japan,2020-01-27,4.0,0.0,1.0,36.5748441,139.2394179
Japan,Japan,2020-01-28,7.0,0.0,1.0,36.5748441,139.2394179
Japan,Japan,2020-01-29,11.0,0.0,1.0,36.5748441,139.2394179
Japan,Japan,2020-01-30,11.0,0.0,1.0,36.5748441,139.2394179
Japan,Japan,2020-01-31,17.0,0.0,1.0,36.5748441,139.2394179
Japan,Japan,2020-02-02,20.0,0.0,1.0,36.5748441,139.2394179
Jiangsu,China,2020-01-22,1.0,0.0,0.0,33.0000001,119.9999999
Jiangsu,China,2020-01-23,5.0,0.0,0.0,33.0000001,119.9999999
Jiangsu,China,2020-01-24,9.0,0.0,0.0,33.0000001,119.9999999
Jiangsu,China,2020-01-25,31.0,0.0,1.0,33.0000001,119.9999999
Jiangsu,China,2020-01-26,47.0,0.0,1.0,33.0000001,119.9999999
Jiangsu,China,2020-01-27,70.0,0.0,1.0,33.0000001,119.9999999
Jiangsu,China,2020-01-28,99.0,0.0,1.0,33.0000001,119.9999999
Jiangsu,China,2020-01-29,129.0,0.0,1.0,33.0000001,119.9999999
Jiangsu,China,2020-01-30,168.0,0.0,2.0,33.0000001,119.9999999
Jiangsu,China,2020-01-31,168.0,0.0,5.0,33.0000001,119.9999999
Jiangsu,China,2020-02-02,271.0,0.0,7.0,33.0000001,119.9999999
Jiangxi,China,2020-01-22,2.0,0.0,0.0,28.0,116.0
Jiangxi,China,2020-01-23,7.0,0.0,0.0,28.0,116.0
Jiangxi,China,2020-01-24,18.0,0.0,0.0,28.0,116.0
Jiangxi,China,2020-01-25,36.0,0.0,0.0,28.0,116.0
Jiangxi,China,2020-01-26,48.0,0.0,0.0,28.0,116.0
Jiangxi,China,2020-01-27,72.0,0.0,2.0,28.0,116.0
Jiangxi,China,2020-01-28,109.0,0.0,3.0,28.0,116.0
Jiangxi,China,2020-01-29,162.0,0.0,4.0,28.0,116.0
Jiangxi,China,2020-01-30,240.0,0.0,7.0,28.0,116.0
Jiangxi,China,2020-01-31,240.0,0.0,7.0,28.0,116.0
Jiangxi,China,2020-02-02,391.0,0.0,18.0,28.0,116.0
Jilin,China,2020-01-23,1.0,0.0,0.0,42.9995032,125.9816054
Jilin,China,2020-01-24,3.0,0.0,0.0,42.9995032,125.9816054
Jilin,China,2020-01-25,4.0,0.0,0.0,42.9995032,125.9816054
Jilin,China,2020-01-26,6.0,0.0,0.0,42.9995032,125.9816054
Jilin,China,2020-01-27,6.0,0.0,0.0,42.9995032,125.9816054
Jilin,China,2020-01-28,9.0,0.0,0.0,42.9995032,125.9816054
Jilin,China,2020-01-29,14.0,0.0,1.0,42.9995032,125.9816054
Jilin,China,2020-01-30,14.0,0.0,1.0,42.9995032,125.9816054
Jilin,China,2020-01-31,14.0,0.0,1.0,42.9995032,125.9816054
Jilin,China,2020-02-02,31.0,0.0,1.0,42.9995032,125.9816054
Liaoning,China,2020-01-22,2.0,0.0,0.0,40.9975197,122.9955469
Liaoning,China,2020-01-23,3.0,0.0,0.0,40.9975197,122.9955469
Liaoning,China,2020-01-24,4.0,0.0,0.0,40.9975197,122.9955469
Liaoning,China,2020-01-25,19.0,0.0,0.0,40.9975197,122.9955469
Liaoning,China,2020-01-26,23.0,0.0,0.0,40.9975197,122.9955469
Liaoning,China,2020-01-27,27.0,0.0,0.0,40.9975197,122.9955469
Liaoning,China,2020-01-28,36.0,0.0,0.0,40.9975197,122.9955469
Liaoning,China,2020-01-29,39.0,0.0,1.0,40.9975197,122.9955469
Liaoning,China,2020-01-30,45.0,0.0,1.0,40.9975197,122.9955469
Liaoning,China,2020-01-31,60.0,0.0,1.0,40.9975197,122.9955469
Liaoning,China,2020-02-02,70.0,0.0,1.0,40.9975197,122.9955469
"Los Angeles, CA",US,2020-02-02,1.0,0.0,0.0,34.0536909,-118.2427666
Macau,China,2020-01-22,1.0,0.0,0.0,22.1757605,113.5514142
Macau,Macau,2020-01-23,2.0,0.0,0.0,22.1757605,113.5514142
Macau,Macau,2020-01-24,2.0,0.0,0.0,22.1757605,113.5514142
Macau,Macau,2020-01-25,2.0,0.0,0.0,22.1757605,113.5514142
Macau,Macau,2020-01-26,6.0,0.0,0.0,22.1757605,113.5514142
Macau,Macau,2020-01-27,6.0,0.0,0.0,22.1757605,113.5514142
Macau,Macau,2020-01-28,7.0,0.0,0.0,22.1757605,113.5514142
Macau,Macau,2020-01-29,7.0,0.0,0.0,22.1757605,113.5514142
Macau,Macau,2020-01-30,7.0,0.0,0.0,22.1757605,113.5514142
Macau,Macau,2020-01-31,7.0,0.0,0.0,22.1757605,113.5514142
Macau,Macau,2020-02-02,8.0,0.0,0.0,22.1757605,113.5514142
Malaysia,Malaysia,2020-01-25,3.0,0.0,0.0,4.5693754,102.2656823
Malaysia,Malaysia,2020-01-26,4.0,0.0,0.0,4.5693754,102.2656823
Malaysia,Malaysia,2020-01-27,4.0,0.0,0.0,4.5693754,102.2656823
Malaysia,Malaysia,2020-01-28,7.0,0.0,0.0,4.5693754,102.2656823
Malaysia,Malaysia,2020-01-29,7.0,0.0,0.0,4.5693754,102.2656823
Malaysia,Malaysia,2020-01-30,8.0,0.0,0.0,4.5693754,102.2656823
Malaysia,Malaysia,2020-01-31,8.0,0.0,0.0,4.5693754,102.2656823
Malaysia,Malaysia,2020-02-02,8.0,0.0,0.0,4.5693754,102.2656823
Nepal,Nepal,2020-01-25,1.0,0.0,0.0,28.1083929,84.0917139
Nepal,Nepal,2020-01-26,1.0,0.0,0.0,28.1083929,84.0917139
Nepal,Nepal,2020-01-27,1.0,0.0,0.0,28.1083929,84.0917139
Nepal,Nepal,2020-01-28,1.0,0.0,0.0,28.1083929,84.0917139
Nepal,Nepal,2020-01-29,1.0,0.0,0.0,28.1083929,84.0917139
Nepal,Nepal,2020-01-30,1.0,0.0,0.0,28.1083929,84.0917139
Nepal,Nepal,2020-01-31,1.0,0.0,0.0,28.1083929,84.0917139
Nepal,Nepal,2020-02-02,1.0,0.0,0.0,28.1083929,84.0917139
New South Wales,Australia,2020-01-27,4.0,0.0,0.0,-31.8759835,147.2869493
New South Wales,Australia,2020-01-28,4.0,0.0,0.0,-31.8759835,147.2869493
New South Wales,Australia,2020-01-29,4.0,0.0,0.0,-31.8759835,147.2869493
New South Wales,Australia,2020-01-30,4.0,0.0,2.0,-31.8759835,147.2869493
New South Wales,Australia,2020-01-31,4.0,0.0,2.0,-31.8759835,147.2869493
New South Wales,Australia,2020-02-02,4.0,0.0,2.0,-31.8759835,147.2869493
Ningxia,China,2020-01-22,1.0,0.0,0.0,37.0000001,105.9999999
Ningxia,China,2020-01-23,1.0,0.0,0.0,37.0000001,105.9999999
Ningxia,China,2020-01-24,2.0,0.0,0.0,37.0000001,105.9999999
Ningxia,China,2020-01-25,4.0,0.0,0.0,37.0000001,105.9999999
Ningxia,China,2020-01-26,4.0,0.0,0.0,37.0000001,105.9999999
Ningxia,China,2020-01-27,7.0,0.0,0.0,37.0000001,105.9999999
Ningxia,China,2020-01-28,12.0,0.0,0.0,37.0000001,105.9999999
Ningxia,China,2020-01-29,12.0,0.0,0.0,37.0000001,105.9999999
Ningxia,China,2020-01-30,21.0,0.0,1.0,37.0000001,105.9999999
Ningxia,China,2020-01-31,21.0,0.0,1.0,37.0000001,105.9999999
Ningxia,China,2020-02-02,28.0,0.0,0.0,37.0000001,105.9999999
Ontario,Canada,2020-01-26,1.0,0.0,0.0,50.000678,-86.000977
Ontario,Canada,2020-01-27,1.0,0.0,0.0,50.000678,-86.000977
Ontario,Canada,2020-01-28,1.0,0.0,0.0,50.000678,-86.000977
Ontario,Canada,2020-01-29,2.0,0.0,0.0,50.000678,-86.000977
Ontario,Canada,2020-01-30,2.0,0.0,0.0,50.000678,-86.000977
Ontario,Canada,2020-01-31,2.0,0.0,0.0,50.000678,-86.000977
Ontario,Canada,2020-02-02,3.0,0.0,0.0,50.000678,-86.000977
"Orange, CA",US,2020-02-02,1.0,0.0,0.0,29.7742659,-95.3341066
Philippines,Philippines,2020-01-30,1.0,0.0,0.0,12.7503486,122.7312101
Philippines,Philippines,2020-01-31,1.0,0.0,0.0,12.7503486,122.7312101
Philippines,Philippines,2020-02-02,2.0,1.0,0.0,12.7503486,122.7312101
Qinghai,China,2020-01-25,1.0,0.0,0.0,35.40709525,95.95211573241954
Qinghai,China,2020-01-26,4.0,0.0,0.0,35.40709525,95.95211573241954
Qinghai,China,2020-01-27,6.0,0.0,0.0,35.40709525,95.95211573241954
Qinghai,China,2020-01-28,6.0,0.0,0.0,35.40709525,95.95211573241954
Qinghai,China,2020-01-29,6.0,0.0,0.0,35.40709525,95.95211573241954
Qinghai,China,2020-01-30,8.0,0.0,0.0,35.40709525,95.95211573241954
Qinghai,China,2020-01-31,8.0,0.0,0.0,35.40709525,95.95211573241954
Qinghai,China,2020-02-02,11.0,0.0,0.0,35.40709525,95.95211573241954
Queensland,Australia,2020-01-29,1.0,0.0,0.0,-22.1646782,144.5844903
Queensland,Australia,2020-01-30,3.0,0.0,0.0,-22.1646782,144.5844903
Queensland,Australia,2020-01-31,3.0,0.0,0.0,-22.1646782,144.5844903
Queensland,Australia,2020-02-02,2.0,0.0,0.0,-22.1646782,144.5844903
Russia,Russia,2020-01-31,2.0,0.0,0.0,64.6863136,97.7453061
Russia,Russia,2020-02-02,2.0,0.0,0.0,64.6863136,97.7453061
"Santa Clara, CA",US,2020-02-02,2.0,0.0,0.0,37.3541132,-121.9551744
"Seattle, WA",US,2020-02-02,1.0,0.0,0.0,47.6038321,-122.3300624
Shaanxi,China,2020-01-23,3.0,0.0,0.0,36.0,109.0
Shaanxi,China,2020-01-24,5.0,0.0,0.0,36.0,109.0
Shaanxi,China,2020-01-25,15.0,0.0,0.0,36.0,109.0
Shaanxi,China,2020-01-26,22.0,0.0,0.0,36.0,109.0
Shaanxi,China,2020-01-27,35.0,0.0,0.0,36.0,109.0
Shaanxi,China,2020-01-28,56.0,0.0,0.0,36.0,109.0
Shaanxi,China,2020-01-29,56.0,0.0,0.0,36.0,109.0
Shaanxi,China,2020-01-30,87.0,0.0,0.0,36.0,109.0
Shaanxi,China,2020-01-31,87.0,0.0,0.0,36.0,109.0
Shaanxi,China,2020-02-02,116.0,0.0,0.0,36.0,109.0
Shandong,China,2020-01-22,2.0,0.0,0.0,36.0000001,118.9999999
Shandong,China,2020-01-23,6.0,0.0,0.0,36.0000001,118.9999999
Shandong,China,2020-01-24,15.0,0.0,0.0,36.0000001,118.9999999
Shandong,China,2020-01-25,39.0,0.0,0.0,36.0000001,118.9999999
Shandong,China,2020-01-26,63.0,0.0,0.0,36.0000001,118.9999999
Shandong,China,2020-01-27,87.0,1.0,0.0,36.0000001,118.9999999
Shandong,China,2020-01-28,121.0,0.0,0.0,36.0000001,118.9999999
Shandong,China,2020-01-29,145.0,0.0,1.0,36.0000001,118.9999999
Shandong,China,2020-01-30,178.0,0.0,2.0,36.0000001,118.9999999
Shandong,China,2020-01-31,184.0,0.0,2.0,36.0000001,118.9999999
Shandong,China,2020-02-02,246.0,0.0,6.0,36.0000001,118.9999999
Shanghai,China,2020-01-22,9.0,0.0,0.0,31.2322758,121.4692071
Shanghai,China,2020-01-23,16.0,0.0,0.0,31.2322758,121.4692071
Shanghai,China,2020-01-24,20.0,0.0,1.0,31.2322758,121.4692071
Shanghai,China,2020-01-25,40.0,1.0,1.0,31.2322758,121.4692071
Shanghai,China,2020-01-26,53.0,1.0,1.0,31.2322758,121.4692071
Shanghai,China,2020-01-27,66.0,1.0,3.0,31.2322758,121.4692071
Shanghai,China,2020-01-28,80.0,1.0,4.0,31.2322758,121.4692071
Shanghai,China,2020-01-29,101.0,1.0,5.0,31.2322758,121.4692071
Shanghai,China,2020-01-30,128.0,1.0,9.0,31.2322758,121.4692071
Shanghai,China,2020-01-31,153.0,1.0,9.0,31.2322758,121.4692071
Shanghai,China,2020-02-02,193.0,1.0,10.0,31.2322758,121.4692071
Shanxi,China,2020-01-22,1.0,0.0,0.0,37.0,112.0
Shanxi,China,2020-01-23,1.0,0.0,0.0,37.0,112.0
Shanxi,China,2020-01-24,1.0,0.0,0.0,37.0,112.0
Shanxi,China,2020-01-25,9.0,0.0,0.0,37.0,112.0
Shanxi,China,2020-01-26,13.0,0.0,0.0,37.0,112.0
Shanxi,China,2020-01-27,20.0,0.0,0.0,37.0,112.0
Shanxi,China,2020-01-28,27.0,0.0,0.0,37.0,112.0
Shanxi,China,2020-01-29,35.0,0.0,1.0,37.0,112.0
Shanxi,China,2020-01-30,39.0,0.0,1.0,37.0,112.0
Shanxi,China,2020-01-31,47.0,0.0,1.0,37.0,112.0
Shanxi,China,2020-02-02,66.0,0.0,3.0,37.0,112.0
Sichuan,China,2020-01-22,5.0,0.0,0.0,30.5000001,102.4999999
Sichuan,China,2020-01-23,8.0,0.0,0.0,30.5000001,102.4999999
Sichuan,China,2020-01-24,15.0,0.0,0.0,30.5000001,102.4999999
Sichuan,China,2020-01-25,44.0,0.0,0.0,30.5000001,102.4999999
Sichuan,China,2020-01-26,69.0,0.0,0.0,30.5000001,102.4999999
Sichuan,China,2020-01-27,90.0,0.0,0.0,30.5000001,102.4999999
Sichuan,China,2020-01-28,108.0,0.0,0.0,30.5000001,102.4999999
Sichuan,China,2020-01-29,142.0,1.0,1.0,30.5000001,102.4999999
Sichuan,China,2020-01-30,177.0,1.0,1.0,30.5000001,102.4999999
Sichuan,China,2020-01-31,177.0,1.0,1.0,30.5000001,102.4999999
Sichuan,China,2020-02-02,254.0,1.0,12.0,30.5000001,102.4999999
Singapore,Singapore,2020-01-23,1.0,0.0,0.0,1.357107,103.8194992
Singapore,Singapore,2020-01-24,3.0,0.0,0.0,1.357107,103.8194992
Singapore,Singapore,2020-01-25,3.0,0.0,0.0,1.357107,103.8194992
Singapore,Singapore,2020-01-26,4.0,0.0,0.0,1.357107,103.8194992
Singapore,Singapore,2020-01-27,5.0,0.0,0.0,1.357107,103.8194992
Singapore,Singapore,2020-01-28,7.0,0.0,0.0,1.357107,103.8194992
Singapore,Singapore,2020-01-29,10.0,0.0,0.0,1.357107,103.8194992
Singapore,Singapore,2020-01-30,10.0,0.0,0.0,1.357107,103.8194992
Singapore,Singapore,2020-01-31,16.0,0.0,0.0,1.357107,103.8194992
Singapore,Singapore,2020-02-02,18.0,0.0,0.0,1.357107,103.8194992
South Australia,Australia,2020-02-02,2.0,0.0,0.0,-30.5343665,135.6301212
South Korea,South Korea,2020-01-22,1.0,0.0,0.0,36.5581914,127.9408564
South Korea,South Korea,2020-01-23,1.0,0.0,0.0,36.5581914,127.9408564
South Korea,South Korea,2020-01-24,2.0,0.0,0.0,36.5581914,127.9408564
South Korea,South Korea,2020-01-25,3.0,0.0,0.0,36.5581914,127.9408564
South Korea,South Korea,2020-01-26,3.0,0.0,0.0,36.5581914,127.9408564
South Korea,South Korea,2020-01-27,4.0,0.0,0.0,36.5581914,127.9408564
South Korea,South Korea,2020-01-28,4.0,0.0,0.0,36.5581914,127.9408564
South Korea,South Korea,2020-01-29,4.0,0.0,0.0,36.5581914,127.9408564
South Korea,South Korea,2020-01-30,6.0,0.0,0.0,36.5581914,127.9408564
South Korea,South Korea,2020-01-31,11.0,0.0,0.0,36.5581914,127.9408564
South Korea,South Korea,2020-02-02,15.0,0.0,0.0,36.5581914,127.9408564
Spain,Spain,2020-01-31,1.0,0.0,0.0,39.3262345,-4.8380649
Spain,Spain,2020-02-02,1.0,0.0,0.0,39.3262345,-4.8380649
Sri Lanka,Sri Lanka,2020-01-27,1.0,0.0,0.0,7.5554942,80.7137847
Sri Lanka,Sri Lanka,2020-01-28,1.0,0.0,0.0,7.5554942,80.7137847
Sri Lanka,Sri Lanka,2020-01-29,1.0,0.0,0.0,7.5554942,80.7137847
Sri Lanka,Sri Lanka,2020-01-30,1.0,0.0,0.0,7.5554942,80.7137847
Sri Lanka,Sri Lanka,2020-01-31,1.0,0.0,0.0,7.5554942,80.7137847
Sri Lanka,Sri Lanka,2020-02-02,1.0,0.0,0.0,7.5554942,80.7137847
Sweden,Sweden,2020-01-31,1.0,0.0,0.0,59.6749712,14.5208584
Sweden,Sweden,2020-02-02,1.0,0.0,0.0,59.6749712,14.5208584
Taiwan,China,2020-01-22,1.0,0.0,0.0,23.9739374,120.9820179
Taiwan,Taiwan,2020-01-23,1.0,0.0,0.0,23.9739374,120.9820179
Taiwan,Taiwan,2020-01-24,3.0,0.0,0.0,23.9739374,120.9820179
Taiwan,Taiwan,2020-01-25,3.0,0.0,0.0,23.9739374,120.9820179
Taiwan,Taiwan,2020-01-26,4.0,0.0,0.0,23.9739374,120.9820179
Taiwan,Taiwan,2020-01-27,5.0,0.0,0.0,23.9739374,120.9820179
Taiwan,Taiwan,2020-01-28,8.0,0.0,0.0,23.9739374,120.9820179
Taiwan,Taiwan,2020-01-29,8.0,0.0,0.0,23.9739374,120.9820179
Taiwan,Taiwan,2020-01-30,9.0,0.0,0.0,23.9739374,120.9820179
Taiwan,Taiwan,2020-01-31,10.0,0.0,0.0,23.9739374,120.9820179
Taiwan,Taiwan,2020-02-02,10.0,0.0,0.0,23.9739374,120.9820179
"Tempe, AZ",US,2020-02-02,1.0,0.0,0.0,33.4255056,-111.9400125
Thailand,Thailand,2020-01-22,2.0,0.0,0.0,14.8971921,100.83273
Thailand,Thailand,2020-01-23,3.0,0.0,0.0,14.8971921,100.83273
Thailand,Thailand,2020-01-24,5.0,0.0,0.0,14.8971921,100.83273
Thailand,Thailand,2020-01-25,7.0,0.0,0.0,14.8971921,100.83273
Thailand,Thailand,2020-01-26,8.0,0.0,2.0,14.8971921,100.83273
Thailand,Thailand,2020-01-27,8.0,0.0,2.0,14.8971921,100.83273
Thailand,Thailand,2020-01-28,14.0,0.0,5.0,14.8971921,100.83273
Thailand,Thailand,2020-01-29,14.0,0.0,5.0,14.8971921,100.83273
Thailand,Thailand,2020-01-30,14.0,0.0,5.0,14.8971921,100.83273
Thailand,Thailand,2020-01-31,19.0,0.0,7.0,14.8971921,100.83273
Thailand,Thailand,2020-02-02,19.0,0.0,5.0,14.8971921,100.83273
Tianjin,China,2020-01-22,4.0,0.0,0.0,39.1235635,117.1980785
Tianjin,China,2020-01-23,4.0,0.0,0.0,39.1235635,117.1980785
Tianjin,China,2020-01-24,8.0,0.0,0.0,39.1235635,117.1980785
Tianjin,China,2020-01-25,13.0,0.0,0.0,39.1235635,117.1980785
Tianjin,China,2020-01-26,14.0,0.0,0.0,39.1235635,117.1980785
Tianjin,China,2020-01-27,23.0,0.0,0.0,39.1235635,117.1980785
Tianjin,China,2020-01-28,25.0,0.0,0.0,39.1235635,117.1980785
Tianjin,China,2020-01-29,27.0,0.0,0.0,39.1235635,117.1980785
Tianjin,China,2020-01-30,32.0,0.0,0.0,39.1235635,117.1980785
Tianjin,China,2020-01-31,32.0,0.0,0.0,39.1235635,117.1980785
Tianjin,China,2020-02-02,48.0,0.0,1.0,39.1235635,117.1980785
Tibet,China,2020-01-29,1.0,0.0,0.0,31.894343149999997,87.07813712706509
Tibet,China,2020-01-30,1.0,0.0,0.0,31.894343149999997,87.07813712706509
Tibet,China,2020-01-31,1.0,0.0,0.0,31.894343149999997,87.07813712706509
Tibet,China,2020-02-02,1.0,0.0,0.0,31.894343149999997,87.07813712706509
UK,UK,2020-01-31,2.0,0.0,0.0,54.7023545,-3.2765753
UK,UK,2020-02-02,2.0,0.0,0.0,54.7023545,-3.2765753
United Arab Emirates,United Arab Emirates,2020-01-29,4.0,0.0,0.0,24.0002488,53.9994829
United Arab Emirates,United Arab Emirates,2020-01-30,4.0,0.0,0.0,24.0002488,53.9994829
United Arab Emirates,United Arab Emirates,2020-01-31,4.0,0.0,0.0,24.0002488,53.9994829
United Arab Emirates,United Arab Emirates,2020-02-02,5.0,0.0,0.0,24.0002488,53.9994829
Victoria,Australia,2020-01-27,1.0,0.0,0.0,-36.5986096,144.6780052
Victoria,Australia,2020-01-28,1.0,0.0,0.0,-36.5986096,144.6780052
Victoria,Australia,2020-01-29,2.0,0.0,0.0,-36.5986096,144.6780052
Victoria,Australia,2020-01-30,2.0,0.0,0.0,-36.5986096,144.6780052
Victoria,Australia,2020-01-31,2.0,0.0,0.0,-36.5986096,144.6780052
Victoria,Australia,2020-02-02,4.0,0.0,0.0,-36.5986096,144.6780052
Vietnam,Vietnam,2020-01-23,2.0,0.0,0.0,13.2904027,108.4265113
Vietnam,Vietnam,2020-01-24,2.0,0.0,0.0,13.2904027,108.4265113
Vietnam,Vietnam,2020-01-25,2.0,0.0,0.0,13.2904027,108.4265113
Vietnam,Vietnam,2020-01-26,2.0,0.0,0.0,13.2904027,108.4265113
Vietnam,Vietnam,2020-01-27,2.0,0.0,0.0,13.2904027,108.4265113
Vietnam,Vietnam,2020-01-28,2.0,0.0,0.0,13.2904027,108.4265113
Vietnam,Vietnam,2020-01-29,2.0,0.0,0.0,13.2904027,108.4265113
Vietnam,Vietnam,2020-01-30,2.0,0.0,0.0,13.2904027,108.4265113
Vietnam,Vietnam,2020-01-31,2.0,0.0,0.0,13.2904027,108.4265113
Vietnam,Vietnam,2020-02-02,6.0,0.0,1.0,13.2904027,108.4265113
Washington,US,2020-01-22,1.0,0.0,0.0,38.8948932,-77.0365529
Washington,US,2020-01-23,1.0,0.0,0.0,38.8948932,-77.0365529
Washington,US,2020-01-24,1.0,0.0,0.0,38.8948932,-77.0365529
Washington,US,2020-01-25,1.0,0.0,0.0,38.8948932,-77.0365529
Washington,US,2020-01-26,1.0,0.0,0.0,38.8948932,-77.0365529
Washington,US,2020-01-27,1.0,0.0,0.0,38.8948932,-77.0365529
Washington,US,2020-01-28,1.0,0.0,0.0,38.8948932,-77.0365529
Washington,US,2020-01-29,1.0,0.0,0.0,38.8948932,-77.0365529
Washington,US,2020-01-30,1.0,0.0,0.0,38.8948932,-77.0365529
Washington,US,2020-01-31,1.0,0.0,0.0,38.8948932,-77.0365529
Xinjiang,China,2020-01-23,2.0,0.0,0.0,41.7574769,87.16738423046897
Xinjiang,China,2020-01-24,2.0,0.0,0.0,41.7574769,87.16738423046897
Xinjiang,China,2020-01-25,4.0,0.0,0.0,41.7574769,87.16738423046897
Xinjiang,China,2020-01-26,5.0,0.0,0.0,41.7574769,87.16738423046897
Xinjiang,China,2020-01-27,5.0,0.0,0.0,41.7574769,87.16738423046897
Xinjiang,China,2020-01-28,13.0,0.0,0.0,41.7574769,87.16738423046897
Xinjiang,China,2020-01-29,14.0,0.0,0.0,41.7574769,87.16738423046897
Xinjiang,China,2020-01-30,17.0,0.0,0.0,41.7574769,87.16738423046897
Xinjiang,China,2020-01-31,17.0,0.0,0.0,41.7574769,87.16738423046897
Xinjiang,China,2020-02-02,24.0,0.0,0.0,41.7574769,87.16738423046897
Yunnan,China,2020-01-22,1.0,0.0,0.0,25.0,102.0
Yunnan,China,2020-01-23,2.0,0.0,0.0,25.0,102.0
Yunnan,China,2020-01-24,5.0,0.0,0.0,25.0,102.0
Yunnan,China,2020-01-25,11.0,0.0,0.0,25.0,102.0
Yunnan,China,2020-01-26,19.0,0.0,0.0,25.0,102.0
Yunnan,China,2020-01-27,26.0,0.0,0.0,25.0,102.0
Yunnan,China,2020-01-28,44.0,0.0,0.0,25.0,102.0
Yunnan,China,2020-01-29,55.0,0.0,0.0,25.0,102.0
Yunnan,China,2020-01-30,76.0,0.0,0.0,25.0,102.0
Yunnan,China,2020-01-31,83.0,0.0,1.0,25.0,102.0
Yunnan,China,2020-02-02,105.0,0.0,3.0,25.0,102.0
Zhejiang,China,2020-01-22,10.0,0.0,0.0,29.0000001,119.9999999
Zhejiang,China,2020-01-23,27.0,0.0,0.0,29.0000001,119.9999999
Zhejiang,China,2020-01-24,43.0,0.0,1.0,29.0000001,119.9999999
Zhejiang,China,2020-01-25,104.0,0.0,1.0,29.0000001,119.9999999
Zhejiang,China,2020-01-26,128.0,0.0,1.0,29.0000001,119.9999999
Zhejiang,China,2020-01-27,173.0,0.0,1.0,29.0000001,119.9999999
Zhejiang,China,2020-01-28,296.0,0.0,3.0,29.0000001,119.9999999
Zhejiang,China,2020-01-29,428.0,0.0,4.0,29.0000001,119.9999999
Zhejiang,China,2020-01-30,537.0,0.0,9.0,29.0000001,119.9999999
Zhejiang,China,2020-01-31,537.0,0.0,14.0,29.0000001,119.9999999
Zhejiang,China,2020-02-02,724.0,0.0,36.0,29.0000001,119.9999999
